Mach,CdB
0.006,0.12
0.006,0.12
0.006,0.12
0.006,0.12
0.006,0.12
0.007,0.12
0.007,0.12
0.008,0.12
0.009,0.12
0.01,0.12
0.011,0.12
0.012,0.12
0.013,0.12
0.014,0.12
0.015,0.12
0.016,0.12
0.017,0.12
0.018,0.12
0.019,0.12
0.02,0.12
0.022,0.12
0.023,0.12
0.024,0.12
0.025,0.12
0.026,0.12
0.027,0.12
0.029,0.12
0.03,0.12
0.031,0.12
0.032,0.12
0.034,0.12
0.035,0.12
0.036,0.12
0.037,0.12
0.039,0.12
0.04,0.12
0.041,0.12
0.042,0.12
0.044,0.12
0.045,0.12
0.046,0.12
0.048,0.12
0.049,0.12
0.05,0.12
0.052,0.12
0.053,0.12
0.054,0.12
0.056,0.12
0.057,0.12
0.059,0.12
0.061,0.12
0.064,0.121
0.065,0.121
0.067,0.121
0.07,0.121
0.074,0.121
0.078,0.121
0.083,0.121
0.087,0.121
0.092,0.121
0.096,0.121
0.101,0.121
0.106,0.121
0.11,0.122
0.115,0.122
0.12,0.122
0.125,0.122
0.129,0.122
0.134,0.122
0.139,0.123
0.144,0.123
0.149,0.123
0.155,0.123
0.16,0.123
0.165,0.124
0.171,0.124
0.176,0.124
0.182,0.124
0.187,0.125
0.193,0.125
0.199,0.125
0.205,0.125
0.211,0.126
0.217,0.126
0.224,0.126
0.23,0.127
0.236,0.127
0.243,0.128
0.249,0.128
0.256,0.129
0.263,0.129
0.27,0.129
0.276,0.13
0.283,0.13
0.291,0.131
0.298,0.132
0.305,0.132
0.312,0.133
0.32,0.133
0.327,0.134
0.335,0.135
0.342,0.135
0.35,0.136
0.358,0.137
0.366,0.137
0.373,0.138
0.381,0.139
0.389,0.14
0.397,0.141
0.406,0.141
0.414,0.142
0.422,0.143
0.43,0.144
0.439,0.145
0.447,0.146
0.455,0.147
0.458,0.147
0.455,0.147
0.452,0.147
0.448,0.146
0.445,0.146
0.442,0.145
0.438,0.145
0.435,0.145
0.432,0.144
0.428,0.144
0.425,0.143
0.422,0.143
0.419,0.143
0.415,0.142
0.412,0.142
0.409,0.142
0.406,0.141
0.403,0.141
0.4,0.141
0.397,0.141
0.394,0.14
0.391,0.14
0.388,0.14
0.386,0.139
0.383,0.139
0.38,0.139
0.377,0.138
0.374,0.138
0.371,0.138
0.369,0.138
0.366,0.137
0.363,0.137
0.361,0.137
0.358,0.137
0.355,0.136
0.353,0.136
0.35,0.136
0.347,0.136
0.345,0.135
0.342,0.135
0.34,0.135
0.337,0.135
0.335,0.135
0.332,0.134
0.33,0.134
0.327,0.134
0.325,0.134
0.322,0.134
0.32,0.133
0.318,0.133
0.315,0.133
0.313,0.133
0.31,0.133
0.308,0.132
0.306,0.132
0.303,0.132
0.301,0.132
0.299,0.132
0.297,0.131
0.294,0.131
0.292,0.131
0.29,0.131
0.288,0.131
0.285,0.131
0.283,0.13
0.281,0.13
0.279,0.13
0.277,0.13
0.275,0.13
0.272,0.13
0.27,0.13
0.268,0.129
0.266,0.129
0.264,0.129
0.262,0.129
0.26,0.129
0.258,0.129
0.256,0.129
0.254,0.128
0.252,0.128
0.25,0.128
0.248,0.128
0.246,0.128
0.244,0.128
0.242,0.128
0.24,0.127
0.238,0.127
0.236,0.127
0.234,0.127
0.232,0.127
0.23,0.127
0.228,0.127
0.226,0.127
0.224,0.127
0.222,0.126
0.221,0.126
0.219,0.126
0.217,0.126
0.215,0.126
0.213,0.126
0.211,0.126
0.209,0.126
0.208,0.126
0.206,0.126
0.204,0.125
0.202,0.125
0.2,0.125
0.199,0.125
0.197,0.125
0.195,0.125
0.193,0.125
0.191,0.125
0.19,0.125
0.188,0.125
0.186,0.125
0.184,0.124
0.183,0.124
0.181,0.124
0.179,0.124
0.177,0.124
0.176,0.124
0.174,0.124
0.172,0.124
0.171,0.124
0.169,0.124
0.167,0.124
0.165,0.124
0.164,0.123
0.162,0.123
0.16,0.123
0.159,0.123
0.157,0.123
0.155,0.123
0.154,0.123
0.152,0.123
0.151,0.123
0.149,0.123
0.147,0.123
0.146,0.123
0.144,0.123
0.143,0.123
0.141,0.123
0.139,0.123
0.138,0.122
0.136,0.122
0.134,0.122
0.133,0.122
0.131,0.122
0.13,0.122
0.128,0.122
0.126,0.122
0.125,0.122
0.123,0.122
0.122,0.122
0.12,0.122
0.119,0.122
0.117,0.122
0.115,0.122
0.114,0.122
0.112,0.122
0.111,0.122
0.109,0.122
0.108,0.122
0.106,0.121
0.105,0.121
0.103,0.121
0.102,0.121
0.1,0.121
0.099,0.121
0.097,0.121
0.096,0.121
0.094,0.121
0.093,0.121
0.091,0.121
0.09,0.121
0.088,0.121
0.087,0.121
0.085,0.121
0.084,0.121
0.082,0.121
0.081,0.121
0.079,0.121
0.078,0.121
0.076,0.121
0.075,0.121
0.073,0.121
0.072,0.121
0.071,0.121
0.069,0.121
0.068,0.121
0.066,0.121
0.065,0.121
0.063,0.121
0.062,0.121
0.061,0.12
0.059,0.12
0.058,0.12
0.056,0.12
0.055,0.12
0.054,0.12
0.052,0.12
0.051,0.12
0.049,0.12
0.048,0.12
0.047,0.12
0.046,0.12
0.044,0.12
0.043,0.12
0.041,0.12
0.04,0.12
0.039,0.12
0.038,0.12
0.036,0.12
0.035,0.12
0.034,0.12
0.032,0.12
0.031,0.12
0.03,0.12
0.028,0.12
0.027,0.12
0.026,0.12
0.025,0.12
0.025,0.12
0.024,0.12
0.023,0.12
0.022,0.12
0.021,0.12
0.02,0.12
0.019,0.12
0.018,0.12
0.018,0.12
0.018,0.12
0.018,0.12
0.018,0.12
0.018,0.12
0.018,0.0
0.019,0.0
0.02,0.0
0.021,0.0
0.023,0.0
0.024,0.0
0.026,0.0
0.028,0.0
0.031,0.0
0.033,0.0
0.036,0.0
0.038,0.0
0.041,0.0
0.043,0.0
0.046,0.0
0.048,0.0
0.051,0.0
0.054,0.0
0.057,0.0
0.059,0.0
0.062,0.0
0.065,0.0
0.068,0.0
0.07,0.0
0.073,0.0
0.076,0.0
0.078,0.0
0.08,0.0
0.081,0.0
0.082,0.0
0.083,0.0
0.083,0.0
0.083,0.0
0.083,0.0
0.083,0.0
0.083,0.0
0.083,0.0
0.083,0.0
0.083,0.0
0.083,0.0
0.083,0.0
0.083,0.0
0.083,0.0
0.083,0.0
0.083,0.0
0.083,0.0
0.083,0.0
0.083,0.0
0.083,0.0
0.082,0.0
0.082,0.0
0.082,0.0
0.082,0.0
0.082,0.0
0.082,0.0
0.082,0.0
0.082,0.0
0.082,0.0
0.082,0.0
0.082,0.0
0.082,0.0
0.079,0.0
0.076,0.0
0.073,0.0
0.07,0.0
0.067,0.0
0.064,0.0
0.061,0.0
0.058,0.0
0.055,0.0
0.052,0.0
0.049,0.0
0.046,0.0
0.043,0.0
0.04,0.0
0.038,0.0
0.035,0.0
0.032,0.0
0.029,0.0
0.026,0.0
0.023,0.0
0.021,0.0
0.021,0.0
0.021,0.0
0.021,0.0
0.021,0.0
0.021,0.0
0.021,0.0
0.021,0.0
0.021,0.0
0.021,0.0
0.021,0.0
0.021,0.0
0.021,0.0
0.021,0.0
0.021,0.0
0.021,0.0
0.021,0.0
0.021,0.0
0.021,0.0
0.021,0.0
0.021,0.0
0.021,0.0
0.021,0.0
0.021,0.0
0.021,0.0
0.021,0.0
0.021,0.0
0.021,0.0
0.021,0.0
0.021,0.0
0.021,0.0
0.021,0.0
0.021,0.0
0.021,0.0
0.021,0.0
0.021,0.0
0.021,0.0
0.021,0.0
0.021,0.0
0.021,0.0
0.021,0.0
0.021,0.0
0.021,0.0
0.021,0.0
0.021,0.0
0.021,0.0
0.021,0.0
0.021,0.0
0.021,0.0
0.021,0.0
0.021,0.0
0.021,0.0
0.021,0.0
0.021,0.0
0.021,0.0
0.021,0.0
0.021,0.0
0.021,0.0
0.021,0.0
0.021,0.0
0.021,0.0
0.021,0.0
0.021,0.0
0.021,0.0
0.021,0.0
0.021,0.0
0.021,0.0
0.021,0.0
0.021,0.0
0.021,0.0
0.021,0.0
0.021,0.0
0.021,0.0
0.021,0.0
0.021,0.0
0.021,0.0
0.021,0.0
0.021,0.0
0.021,0.0
0.021,0.0
0.021,0.0
0.021,0.0
0.021,0.0
0.021,0.0
0.021,0.0
0.021,0.0
0.021,0.0
0.021,0.0
0.021,0.0
0.021,0.0
0.021,0.0
0.021,0.0
0.021,0.0
0.021,0.0
0.021,0.0
0.021,0.0
0.021,0.0
0.021,0.0
0.021,0.0
0.021,0.0
0.021,0.0
0.021,0.0
0.021,0.0
0.021,0.0
0.021,0.0
0.021,0.0
0.021,0.0
0.021,0.0
0.021,0.0
0.021,0.0
0.021,0.0
0.021,0.0
0.021,0.0
0.021,0.0
0.021,0.0
0.021,0.0
0.021,0.0
0.021,0.0
0.021,0.0
0.021,0.0
0.021,0.0
0.021,0.0
0.021,0.0
0.021,0.0
0.021,0.0
0.021,0.0
0.021,0.0
0.021,0.0
0.021,0.0
0.021,0.0
0.021,0.0
0.021,0.0
0.021,0.0
0.021,0.0
0.021,0.0
0.021,0.0
0.021,0.0
0.021,0.0
0.021,0.0
0.021,0.0
0.021,0.0
0.021,0.0
0.021,0.0
0.021,0.0
0.021,0.0
0.021,0.0
